{"cameraMode":{"drawMode":0,"name":"Shaded","section":"Shading Mode"},"sceneLighting":false,"audioPlay":false,"sceneViewState":{"showFog":true,"showMaterialUpdate":false,"showSkybox":false,"showFlares":true,"showImageEffects":true,"showParticleSystems":true},"in2DMode":false,"pivot":{"x":2.9213647842407228,"y":3.227132558822632,"z":2.05851411819458},"rotation":{"x":0.13359279930591584,"y":0.836662232875824,"z":-0.47661301493644717,"w":0.23453381657600404},"size":2.8578836917877199,"orthographic":false}